Timestamp,PM2.5 (µg/m³),PM10 (µg/m³),NO (µg/m³),NO2 (µg/m³),NOx (ppb),NH3 (µg/m³),SO2 (µg/m³),CO (mg/m³),Ozone (µg/m³),AT (°C),RH (%),WS (m/s),WD (deg),RF (mm),TOT-RF (mm),SR (W/mt2),BP (mmHg),VWS (m/s)
01-01-2023,120.1958333,222.6048611,31.77263889,28.70673611,39.99809028,92.72423611,4.690625,1.047569444,25.70190972,13.44211806,88.65193182,0.721666667,241.5675347,0,0,40.15243056,,
02-01-2023,202.3402778,374.7111111,45.97517361,33.7353125,54.7428125,108.9639583,4.570520833,1.805451389,32.43916667,10.98361111,99.5175,0.628333333,246.6071181,0,0,28.43125,,
03-01-2023,214.6614583,397.5090278,3.333090278,35.9378125,21.38125,116.0180208,5.678854167,1.0309375,25.05631944,11.63215278,97.09265152,1.083958333,293.2275694,0,0,40.33576389,,
04-01-2023,165.865625,307.1614583,16.48482639,29.75826389,28.70263889,96.12069444,5.067951389,1.068645833,29.12548611,9.467569444,97.133125,1.117708333,292.3639931,0,0,33.47395833,,
05-01-2023,188.9072917,315.5456522,56.14965909,32.62271739,55.16579861,105.3706522,5.098586957,1.635659722,25.5775,8.326847826,99.45472222,1.015520833,255.905625,0,0,28.46666667,,
06-01-2023,226.4561111,419.5388889,8.576666667,13.60611111,17.07067708,43.94766667,5.873392857,1.625245098,26.5905,11.07933333,90.38428571,0.880444444,261.2599444,0,0,43.97222222,,
07-01-2023,197.5149306,365.7215278,22.54614583,27.39263889,33.07513889,88.47815972,5.342673611,1.776423611,19.94461806,10.26423611,92.81964286,0.936111111,272.8878472,0,0,28.37152778,,
08-01-2023,210.4027778,324.8602273,42.3771875,31.79975694,50.46416667,102.7124306,4.912951389,1.811597222,19.13180556,8.845625,95.37916667,1.016215278,281.7903472,0,0,28.16458333,,
09-01-2023,322.6388889,596.7868056,103.8874242,48.2455303,98.40746528,155.8335606,6.298636364,3.778090278,23.8026087,10.42356061,88.5253125,0.722013889,245.7074306,0.005208333,0.005208333,31.05104167,,
10-01-2023,107.3774306,198.8947917,7.473020833,14.68027778,17.04270833,47.41371528,4.726840278,1.943020833,33.21742424,10.83920139,94.65409722,0.979027778,287.5421181,0,0,28.8875,,
11-01-2023,104.8111111,194.0789683,6.066944444,20.83472222,15.82,67.29634921,4.0075,1.073514493,19.91299242,12.18996377,87.95641026,0.890108696,223.618587,0,0,36.90507246,,
12-01-2023,126.6402778,234.5079861,4.481388889,32.4490625,20.5084375,104.9213889,3.262222222,1.192743056,10.06433333,14.24204861,93.41078947,0.933055556,168.8366667,0,0,38.81041667,,
13-01-2023,130.7520833,242.1430556,4.050069444,33.92534722,20.96579861,109.5774306,3.229027778,1.3778125,5.143,15.01888889,97.175,0.763958333,203.0169444,0,0,40.29131944,,
14-01-2023,94.01388889,174.1128472,2.192465278,29.13173611,16.9696875,94.09611111,2.675833333,0.726909722,3.403333333,12.59034722,81.43565217,1.590833333,292.5715625,0,0,34.65902778,,
15-01-2023,72.078125,133.4736111,3.830381944,26.76368056,17.00454861,86.44493056,2.089861111,0.503020833,10.14909091,10.69826389,49.80409722,1.237291667,289.6737153,0,0,43.58333333,,
16-01-2023,126.0538194,233.4375,32.06194444,35.32253472,44.06635417,114.0924653,2.743923611,1.0809375,7.397,10.796875,59.304375,0.8796875,252.5959722,0,0,42.91319444,,
17-01-2023,135.7892361,251.4697917,49.86180556,35.97545139,58.74638889,116.2017361,3.000381944,1.297048611,8.744166667,10.67434028,63.80027778,0.926597222,252.9973611,0,0,42.57881944,,
18-01-2023,207.7112319,356.317803,105.5576812,41.7915942,106.6847826,134.9873913,3.702210145,2.13192029,16.66397436,8.463043478,70.76583333,0.784891304,237.6066667,0,0,38.53695652,,
19-01-2023,190.0166667,351.8854167,69.54666667,49.23628472,81.60822917,159.0335069,3.698368056,1.823333333,22.23921569,9.2,61.07,0.650520833,259.5574653,0,0,44.26736111,,
20-01-2023,70.61111111,130.7618056,14.2771875,42.62885417,33.78826389,137.6913889,3.149097222,0.808576389,28.3734375,10.301875,66.20038194,1.124270833,269.0594097,0,0,47.78888889,,
21-01-2023,155.2725694,287.5815972,38.81506944,46.45815972,55.39649306,150.0594792,3.611041667,1.40375,28.4240625,15.24916667,83.32704545,0.645243056,246.0564236,0,0,44.56284722,,
22-01-2023,215.33125,398.7677083,62.87444444,45.55652778,75.04986111,147.1483333,5.605277778,2.138472222,28.74861111,15.76440972,75.55305556,0.497430556,212.0611806,0,0,47.46666667,,
23-01-2023,210.7204861,282.9375,65.17746212,43.41431818,74.35713768,140.2276894,2.569891304,1.943876812,28.38807971,17.35270833,72.77572917,0.611979167,261.3649653,0,0,53.10173611,,
24-01-2023,108.1493056,197.0159722,50.85260417,34.91920139,59.25041667,112.7882292,1.797256944,1.41375,29.15204861,17.17826389,95.15104167,0.738680556,178.3497222,0,0,45.003125,,
25-01-2023,83.96979167,155.4715278,19.10715278,27.99420139,29.94704861,90.41208333,1.223715278,0.7953125,28.72020833,15.25510417,99.56012821,0.926736111,261.4477083,0,0,45.40451389,,
26-01-2023,108.7038194,201.3055556,5.363125,26.74357639,18.24024306,86.38177083,0.798923611,0.729618056,28.71944444,13.21555556,99.54826923,1.408020833,306.7368403,0,0,38.70868056,,
27-01-2023,85.19375,157.7715278,2.16576087,27.12663194,15.76625,87.62194444,1.589131944,0.530451389,28.93666667,12.75295139,69.52770833,1.254513889,306.4209722,0,0,54.38263889,,
28-01-2023,117.5447917,217.7003472,9.024791667,29.98052083,22.76097222,96.83732639,3.772986111,0.778715278,28.50805556,13.83552083,64.8296875,0.967569444,277.3955556,0,0,55.24722222,,
29-01-2023,139.5213768,258.3884058,29.78392361,34.82086806,42.08104167,112.5015278,4.347638889,1.292916667,28.4221875,12.79510417,99.37255556,0.683333333,207.6079861,0.321180556,0.302083333,23.15277778,,
30-01-2023,62.265625,115.3017361,16.82354167,30.26413194,29.20170139,97.75243056,4.656076389,0.718576389,16.31079167,15.04020833,99.39815476,0.657604167,188.0316667,0.368055556,0.359375,61.08645833,,
31-01-2023,69.67862319,128.9565217,25.52049242,28.18977273,36.05271739,91.05117424,3.308977273,0.889347826,20.76815217,14.241875,99.5675,1.185868056,303.0463194,0,0,51.215625,,
01-02-2023,62.62083333,115.9451389,2.622604167,26.40246528,15.86493056,85.27947917,2.061388889,0.508993056,32.33868056,13.72628472,81.75354167,1.4434375,305.0460069,0,0,48.88194444,,
02-02-2023,79.87118056,147.8829861,4.367847222,28.39677083,18.31111111,91.72003472,2.839791667,0.581840278,28.70204861,15.8303125,72.71864583,1.238993056,292.48375,0,0,61.74444444,,
03-02-2023,99.90625,185,10.16958333,33.19024306,25.45753472,107.2062847,2.903715278,0.696840278,28.74711806,16.85225694,64.78284722,0.91125,263.0994792,0,0,60.27708333,,
04-02-2023,105.0642361,194.5680556,24.04492754,34.15725694,34.64697917,110.3293403,3.962083333,0.895590278,27.95899306,17.24239583,72.69354167,0.888402778,245.8786111,0,0,59.92256944,,
05-02-2023,133.4631944,247.1725694,30.44180556,40.9196875,42.78927083,132.1837847,5.144513889,1.507986111,29.22496528,16.62613095,79.26083333,0.662777778,223.2367708,0,0,60.80659722,,
06-02-2023,142.9333333,264.715,23.480875,32.37220833,23.0275,104.558875,5.300125,0.818888889,33.08670833,21.11112745,74.38191176,0.776208333,222.6881667,0,0,73.85958333,,
07-02-2023,98.85729167,182.8413194,12.93020833,33.15225694,24.47385417,107.0726389,4.981319444,0.7840625,29.09496528,18.42993056,65.55017544,1.172048611,278.514375,0,0,55.77604167,,
08-02-2023,76.11041667,141.1618056,14.06201389,40.50517361,27.91086806,130.8311806,4.716076389,0.670104167,29.03447917,17.45821429,55.04857143,0.903229167,248.3180208,0,0,64.76458333,,
09-02-2023,113.1597222,209.5548611,28.55114583,38.23958333,39.68635417,123.5136458,4.770243056,0.95,28.95458333,22.491,51.23783333,0.778020833,247.0653819,0,0,63.68784722,,
10-02-2023,102.6534722,190.1,11.54559028,34.65090278,24.09888889,111.9232292,5.077326389,0.695659722,29.09548611,20.32427083,72.36409722,0.797708333,235.2605903,0,0,59.38298611,,
11-02-2023,132.4607639,245.2809028,24.05777778,39.39649306,36.66461806,127.2497569,5.05875,0.898819444,29.26861111,20.35760417,80.26482639,1.048333333,258.9569792,0,0,62.18298611,,
12-02-2023,74.58680556,138.1041667,6.920833333,33.0921875,19.61777778,106.886875,4.4721875,0.44625,29.18881944,17.13708333,50.16163194,1.568090278,269.9524653,0,0,67.28680556,,
13-02-2023,71.55625,132.5135417,4.536041667,30.35041667,17.98514493,98.03106061,3.063369565,0.404456522,27.58536232,15.17986111,39.13006944,1.734583333,297.5641667,0,0,71.42777778,,
14-02-2023,70.296875,130.171875,3.572986111,36.83819444,21.22743056,118.9876736,4.910486111,0.532743056,29.96114583,17.25673611,36.99770833,1.170520833,278.904375,0,0,69.42951389,,
15-02-2023,97.675,180.8635417,8.169861111,35.53416667,21.86833333,114.7754861,4.095451389,0.739895833,29.04232639,18.83465278,49.21947917,0.920625,244.583125,0,0,69.05,,
16-02-2023,158.7256944,293.9427083,22.70041667,44.58482639,37.89559028,144.0086111,7.283993056,1.314652778,28.74034722,19.41239583,75.91079861,0.828958333,252.9229167,0,0,69.03506944,,
17-02-2023,211.7239583,392.0350694,56.17885417,47.14871528,66.47951389,152.2894792,5.209404762,2.024479167,28.66847222,20.78996528,76.40616667,0.640104167,229.8907986,0,0,62.75277778,,
18-02-2023,221.7278986,410.3427536,75.39764493,49.11307971,82.83007246,158.6841304,4.807173913,2.171884058,28.7990942,20.5742029,75.18162037,0.828152174,215.415471,0,0,71.28442029,,
19-02-2023,202.5297101,375.0735507,61.58963768,46.96641304,66.64107639,151.7017029,4.046521739,1.788854167,27.32445652,21.17452899,74.57302632,0.761956522,215.7292754,0,0,69.49202899,,
20-02-2023,133.1204861,246.4996528,10.5147619,40.92662698,27.03647727,132.1938095,3.255555556,0.945454545,28.75579861,23.76086806,69.58052083,0.954027778,201.7640278,0,0,71.67118056,,
21-02-2023,118.1944444,218.9635417,9.714895833,36.89475694,23.79524306,119.2004514,3.210034722,0.7803125,28.7528125,23.32510417,69.67645833,1.000416667,253.2695486,0,0,73.67673611,,
22-02-2023,155.9961806,288.8444444,22.28253472,33.29319444,31.87989583,107.5374653,3.506006944,1.236527778,28.90663194,21.08184028,81.02983333,1.024583333,275.8112847,0,0,51.81909722,,
23-02-2023,102.8963768,190.5605072,39.24268116,29.81916667,43.7607971,96.31807971,3.042971014,1.171702899,27.25884058,20.98710145,64.6882971,1.167753623,280.8964855,0,0,75.54565217,,
24-02-2023,116.4221014,215.5851449,19.36942029,27.56568841,28.50438406,89.03818841,2.545652174,0.781325758,29.14756944,20.83423611,58.10534722,0.877361111,281.6757986,0,0,61.81493056,,
25-02-2023,175.5465278,325.1041667,54.38142361,25.19079861,55.16659722,81.36472222,2.193680556,1.224965278,28.94909722,22.06364583,63.99052083,0.861944444,272.7424653,0,0,78.53541667,,
26-02-2023,167.3451389,309.9131944,33.0296875,26.03045139,38.539375,84.07784722,2.3109375,1.121701389,28.84756944,23.15305556,62.13315972,0.759756944,215.28375,0,0,76.36145833,,
27-02-2023,145.9982639,270.3770833,29.59190972,28.39263889,37.03194444,91.70875,2.145833333,1.126493056,29.02958333,24.11989583,61.1625,0.869166667,265.5935764,0,0,73.81736111,,
28-02-2023,152.9503472,283.2295139,41.73222222,30.0846875,47.56284722,97.16604167,2.557013889,1.041979167,28.87194444,26.42100694,39.43892361,0.849305556,239.5140625,0,0,82.65104167,,
01-03-2023,131.5336806,243.5666667,22.25045139,33.20131944,33.46934028,107.2250694,1.895277778,0.782777778,28.89885417,23.51829861,47.48579861,0.871840278,257.1309375,0.015625,0.015625,60.99618056,,
02-03-2023,128.0152778,237.0486111,45.22028986,34.7226087,54.29126812,112.1543116,1.728333333,1.175108696,29.18704861,23.74329861,58.83357639,0.93375,257.0964236,0,0,84.91006944,,
03-03-2023,93.72569444,173.5767361,14.04256944,31.71364583,27.81871528,102.4349306,1.874166667,0.821041667,28.73871528,23.56704861,61.22305556,1.238715278,278.2311111,0,0,86.64236111,,
04-03-2023,73.82291667,136.721875,5.340108696,30.76802083,20.08854167,99.37902778,2.746666667,0.574201389,29.00694444,22.329375,59.87034722,1.131527778,262.5562153,0,0,92.23506944,,
05-03-2023,66.26145833,122.6815972,7.298194444,29.06024306,20.75423611,93.86465278,2.403888889,0.589652778,28.96701389,23.50829861,51.80388889,1.2428125,281.4059722,0,0,92.02604167,,
06-03-2023,76.44756944,141.5815972,6.3809375,30.90152778,21.01822917,99.81225694,2.715069444,0.586458333,29.16982639,23.14354167,59.36451389,1.181875,270.3685764,0,0,95.02847222,,
07-03-2023,119.8125,221.890625,23.89819444,33.03767361,36.36913194,106.7117014,2.770694444,0.974027778,28.4728125,23.27302083,52.44767361,0.925798611,236.1507639,0,0,95.09201389,,
08-03-2023,109.65625,203.0791667,27.79364583,31.75524306,38.93295139,102.5692708,2.969652778,1.241875,28.76270833,23.46163194,49.62829861,0.701423611,228.0597222,0,0,99.45520833,,
09-03-2023,80.65416667,149.3583333,6.701354167,29.76149306,20.85753472,96.12930556,2.377604167,0.573159722,29.48142361,23.35628472,53.87895833,0.842430556,259.7324306,0,0,91.15590278,,
10-03-2023,97.10902778,179.8614583,15.92170139,32.06659722,29.54375,103.5753472,2.853402778,0.873541667,29.01545139,23.50010417,66.15326389,0.982326389,243.7063889,0,0,94.20069444,,
11-03-2023,138.2881944,256.0552083,27.51246528,33.3565625,39.40399306,107.7414583,3.114930556,1.045138889,29.14131944,24.47618056,55.9640625,0.734756944,240.3435417,0,0,97.08229167,,
12-03-2023,136.440625,252.66875,43.20069444,35.05993056,52.98354167,113.243125,2.776354167,1.170833333,29.22315972,25.37243056,44.15631944,0.786944444,243.0765625,0,0,101.6777778,,
13-03-2023,139.8145833,258.921875,31.36256944,36.40472222,44.20038194,117.5879861,3.117951389,1.101111111,28.77118056,25.91743056,48.82854167,0.879965278,268.9001042,0,0,100.5572917,,
14-03-2023,129.0760417,239.1708333,18.39141304,30.08541667,29.66809028,97.175625,3.683923611,0.898715278,29.32430556,25.87614583,56.97510417,0.897951389,262.0625694,0,0,97.89305556,,
15-03-2023,144.3993056,267.03125,34.61055556,26.30121528,41.44944444,84.95489583,3.074409722,1.127083333,28.85975694,26.06239583,51.968125,0.672534722,216.7926389,0,0,108.5857639,,
16-03-2023,99.55869565,184.3594203,15.1326087,28.83224638,27.16518116,93.12735507,2.569479167,0.777934783,28.81517361,25.90388889,44.29694444,0.623958333,211.9977431,0.015625,0.015625,81.25173611,,
17-03-2023,95.00208333,175.9288194,9.141423611,29.70597222,22.81326389,95.94319444,1.510555556,0.653194444,29.81180556,24.02364583,49.68260417,0.731354167,231.2086458,0,0,61.51041667,,
18-03-2023,83.39027778,154.4395833,6.161111111,28.20376812,17.465625,91.09768116,4.651594203,0.729791667,29.08479167,20.46268116,83.75276042,0.748194444,203.3641667,0.925347222,0.776041667,73.94340278,,
19-03-2023,61.55416667,113.9881944,10.960625,27.78871528,23.25826389,89.75663194,1.869479167,0.699826389,29.01579861,20.75177083,90.55588235,0.653159722,205.8226389,0.015625,0.015625,93.38298611,,
20-03-2023,56.98125,105.5083333,11.08836806,27.7003125,23.3403125,89.47194444,1.813333333,0.608020833,29.51805556,19.91211806,92.60245833,0.7384375,213.5895833,0.119791667,0.119791667,80.62777778,,
21-03-2023,38.13194444,70.62534722,8.801770833,26.55427083,20.85635417,85.77180556,1.7684375,0.464513889,28.65809028,20.13069444,79.67104167,0.928368056,268.1465278,0,0,110.990625,,
22-03-2023,90.13645833,166.8621528,14.42857639,29.66333333,27.05916667,95.81288194,1.772291667,0.758194444,28.22197917,21.16003472,75.55712963,0.588298611,230.0198611,0,0,76.50486111,,
23-03-2023,87.8734127,162.6960317,13.39390351,29.89201754,21.93060606,96.55197368,2.338888889,0.539166667,29.68765873,22.68583333,73.07031746,0.854206349,282.7237302,0,0,136.6630952,,
24-03-2023,92.79015152,171.8299242,26.19780303,29.01469697,34.60094697,93.71534091,1.879507576,0.828068182,25.99155303,21.40772727,88.6097619,0.593181818,217.8898864,0.270833333,0.213541667,46.00378788,,
25-03-2023,53.60590278,99.296875,14.00628472,27.0234375,23.650625,87.28854167,1.793541667,0.502430556,29.18170139,22.54333333,74.51694444,0.588333333,202.4801389,0,0,129.190625,,
26-03-2023,99.11631944,183.5302083,28.61059028,28.04559028,35.74513889,90.58673611,2.289384058,0.827534722,28.32027778,24.01337121,57.05617424,1.080729167,293.0741667,0,0,128.8350694,,
27-03-2023,72.64340278,134.5229167,9.035034722,29.04989583,20.52697917,93.8315625,1.620729167,0.475972222,29.47461806,22.46451389,61.61642361,1.296840278,297.1025347,0,0,131.2625,,
28-03-2023,85.44444444,158.0013889,10.32362319,28.25594203,19.98975694,91.2909058,1.778188406,0.556770833,28.97638889,24.61763889,53.00847222,0.9271875,254.8382639,0,0,134.8503472,,
29-03-2023,107.7204861,199.4760417,20.99802083,33.32097222,32.60923611,107.6277083,1.807673611,0.821076389,28.53284722,25.56909722,48.92885417,0.627673611,202.1798611,0,0,134.3489583,,
30-03-2023,76.00357143,140.7837302,10.859125,29.57870833,18.93208333,95.53804167,4.632268519,0.533560606,27.80345238,23.59313492,58.574875,0.870436508,242.7361905,0.039772727,0.03125,122.7119048,,
31-03-2023,27.35590278,50.66770833,7.637282609,27.53376812,17.73782609,88.93427536,1.162282609,0.359601449,31.26764493,20.68763889,86.12802632,0.536493056,200.7165625,0.140625,0.140625,93.10104167,,
01-04-2023,38.73854167,71.73368056,8.202541667,29.13142361,18.06885417,94.0365625,0.965108696,0.488229167,32.02506944,20.92326389,79.94348039,0.629236111,205.3717708,0.041666667,0.041666667,149.8524306,,
02-04-2023,82.778125,153.2315972,21.17549242,31.28232639,28.31048611,101.0409028,1.565902778,0.68125,32.4934375,23.34951389,66.8697619,0.726041667,253.9497222,0,0,133.753125,,
03-04-2023,108.7604167,201.4177083,31.79447917,32.85701389,40.71190972,106.1298958,1.67125,0.972743056,31.97510417,24.17618056,69.75864583,0.637430556,237.1506597,0.026041667,0.026041667,133.7885417,,
04-04-2023,72.74895833,134.725,12.16541667,27.6046875,21.72850694,89.16277778,2.353784722,0.584652778,31.3,24.18479167,63.15583333,1.036041667,252.6247222,0.010416667,0.010416667,121.8277778,,
05-04-2023,115.915625,214.6520833,22.44697917,27.78597222,29.97819444,89.74895833,2.844756944,0.761041667,32.90815972,25.02715278,47.16583333,1.119583333,281.4519444,0,0,144.94375,,
06-04-2023,83.88402778,155.1663194,21.58149306,28.04444444,29.63489583,90.60989583,2.7571875,0.655173611,31.7271875,25.83986111,35.44065972,1.299375,289.2212153,0,0,134.0295139,,
07-04-2023,98.20590278,181.8947917,22.47104167,29.83607639,31.19611111,96.37017361,2.8621875,0.736319444,32.16354167,26.11777778,31.49673611,1.376354167,296.0862153,0,0,152.5079861,,
08-04-2023,131.9079861,244.1857639,39.1259058,30.73735507,42.91246528,99.25971014,3.42576087,1.0246875,32.33895833,26.23380435,29.81793478,0.821770833,270.4192708,0,0,155.2072917,,
09-04-2023,174.2981061,322.7666667,65.66960317,30.98068182,57.38798611,100.0680682,3.311541667,1.170694444,30.16719697,26.59818182,32.76189394,0.72780303,241.7968561,0,0,125.3844697,,
10-04-2023,160.9541667,297.8055556,56.56784722,34.92180556,58.5590625,112.7972917,3.987743056,1.194236111,31.61100694,27.57256944,29.3328125,0.827326389,258.4996181,0,0,150.3114583,,
11-04-2023,160.9978261,298.1184783,73.76136364,34.76746212,74.23704545,112.2978788,4.086969697,1.398586957,32.54010417,28.72559028,30.7603125,1.070381944,254.6455556,0,0,154.7027778,,
12-04-2023,114.9885417,212.93125,35.85829861,32.03895833,43.1571875,103.4858681,5.146423611,0.910104167,32.67427083,30.08746528,26.93826389,1.037604167,257.7188889,0,0,137.5309028,,
13-04-2023,157.0215278,290.7965278,48.99145833,34.15756944,54.511875,110.3298611,5.114618056,1.163819444,31.73756944,30.44385417,28.32208333,0.788993056,249.5275694,0,0,154.4833333,,
14-04-2023,198.3346491,367.2570175,72.98307018,36.2727193,64.51405303,117.1633772,6.335263158,1.413143939,27.25039474,30.09938596,27.02934211,0.696447368,231.3767105,0,0,103.0434211,,
15-04-2023,182.1949074,337.3074074,52.43800926,40.07101852,53.7735,129.4281481,5.926519608,1.091708333,37.9962037,33.32485294,22.18534314,0.576851852,226.1697685,0,0,201.2939815,,
16-04-2023,142.8979167,264.5677083,36.34850694,35.70368056,45.34739583,115.3230903,5.468194444,0.972326389,32.02583333,32.18215278,27.05795139,0.613298611,255.6936806,0,0,140.5291667,,
17-04-2023,172.61875,317.8458333,63.38788194,37.91989583,67.88673611,122.480625,5.895625,1.277638889,32.17493056,32.37677083,30.02760417,0.740381944,256.5342014,0,0,152.1954861,,
18-04-2023,142.4868056,263.8989583,55.29652778,33.47746528,58.93184028,108.13125,5.561770833,1.061770833,31.68496528,33.36854167,27.84451389,0.679652778,225.6188194,0,0,155.0201389,,
19-04-2023,171.29375,288.925,23.49020833,33.57381944,34.00861111,108.4460764,5.172395833,0.636631944,32.02840278,31.43569444,32.14520833,1.042013889,245.5109028,0,0,145.7607639,,
20-04-2023,97.83985507,181.1869565,10.32068841,33.04050725,24.35423913,106.7212319,2.987717391,0.424057971,32.62486111,29.80184028,37.194375,0.981631944,259.3254514,0,0,157.5263889,,
21-04-2023,86.25471014,150.9648551,4.359637681,30.08336957,18.73565217,97.16934783,2.414130435,0.413297101,31.65025362,29.67974638,30.57775362,0.75384058,198.2186594,0,0,158.0297101,,
22-04-2023,84.95978261,134.8471014,2.748484848,21.97568841,13.41717391,70.98173913,2.359782609,0.438333333,32.48097826,30.30155797,23.44550725,0.823007246,219.5433696,0,0,182.3014493,,
23-04-2023,73.97256944,117.4222222,5.787934783,24.23177083,17.22475694,78.26722222,2.529513889,0.636875,32.29590278,27.00163194,25.05673611,1.300104167,261.2310069,0,0,102.1125,,
24-04-2023,96.95902778,153.8840278,5.8096875,27.9434375,18.99361111,90.25555556,2.7815625,0.785729167,32.473125,26.88527778,31.66826389,0.620659722,217.2646181,0,0,128.3010417,,
25-04-2023,122.4288194,194.3034722,5.823784722,28.19871528,19.38618056,91.08024306,3.005625,0.835034722,31.42055556,27.37506944,34.55243056,0.711493056,208.4990625,0,0,165.3732639,,
26-04-2023,145.1861111,230.4697917,3.027291667,31.69038194,18.99118056,102.3250347,2.870763889,0.959305556,32.07934028,29.581875,30.75934028,0.706180556,218.7768056,0,0,141.4913194,,
27-04-2023,138.1451389,219.2145833,2.030108696,28.20416667,16.23388889,91.09805556,2.7896875,0.662916667,32.5503125,30.19673611,29.02805556,0.854375,229.5856944,0,0,114.4892361,,
28-04-2023,85.91354167,136.2899306,3.872326389,30.07597222,18.73652778,97.155,2.718020833,0.528125,31.80121528,28.66989583,33.6784375,0.6009375,230.8847917,0,0,80.74097222,,
29-04-2023,127.1862319,201.9061594,4.508768116,28.59699275,16.96020833,92.36231884,2.8125,0.591458333,30.67173913,27.42666667,42.53677536,0.783695652,233.0271014,0,0,117.1637681,,
30-04-2023,78.23680556,124.16875,3.784027778,29.87517361,18.61670139,96.49746528,2.573368056,0.512361111,32.07854167,25.089375,64.59284722,0.599548611,231.5061806,0.088541667,0.088541667,96.16388889,,
01-05-2023,51.34166667,81.50978261,4.750037879,28.84969697,18.53456522,93.1825,3.05719697,0.434548611,32.21097826,22.14958333,96.51630952,0.524409722,212.3059722,0,0,66.17534722,,
02-05-2023,48.45659722,76.91840278,6.018888889,30.10361111,20.55107639,97.23618056,1.840729167,0.446145833,32.61107639,23.35548611,87.60736842,0.639756944,184.0503819,0,0,119.371875,,
03-05-2023,52.08055556,82.665625,9.023854167,27.02086806,21.31590278,87.27611111,1.967291667,0.526805556,32.36208333,23.0634375,87.22645833,0.667708333,201.4664931,0.192708333,0.1875,151.0586806,,
04-05-2023,67.69826389,107.4548611,10.202875,25.2819697,19.85719697,81.68484848,2.388849206,0.533371212,33.89201389,24.71663194,67.0370098,0.609895833,176.3363889,0,0,180.3017361,,
05-05-2023,117.9288194,187.1840278,16.63881944,22.17197917,21.60802083,71.55340278,2.872118056,0.765763889,35.72378472,28.08875,60.46232639,0.759791667,268.9149306,0,0,170.6083333,,
06-05-2023,136.2798611,216.3475694,28.84795139,21.43322917,31.16875,69.22857639,3.076805556,0.977118056,35.33756944,29.06125,44.47128472,0.893506944,256.8121181,0,0,159.1715278,,
07-05-2023,95.18009259,151.0810185,21.15515625,20.0345098,20.80526316,64.72813725,2.415104167,0.581052632,26.57009259,28.73328704,45.77157407,0.76962963,229.7238426,0,0,148.225463,,
08-05-2023,88.86493056,141.0847222,6.5634375,17.82871528,11.29819444,57.59354167,2.717569444,0.3840625,35.36795139,30.2575,41.01263889,0.790659722,175.4573611,0,0,163.0510417,,
09-05-2023,118.2888889,187.7614583,8.618715278,24.92777778,16.72510417,80.51607639,2.705416667,0.532152778,35.2440625,30.78256944,27.23420139,1.131875,283.6236458,0,0,198.4197917,,
10-05-2023,118.676087,188.4797101,9.104855072,25.20619565,17.74583333,81.41543478,3.456439394,0.643636364,35.6159058,30.55777778,20.67951389,1.015034722,255.5573958,0,0,206.8597222,,
11-05-2023,181.6416667,288.3125,30.11819444,30.43840278,37.56142361,98.31520833,3.211979167,1.104375,35.52725694,31.85107639,24.6815625,0.661909722,257.6871181,0,0,198.5128472,,
12-05-2023,145.4666667,230.8541667,17.08,30.5434375,27.273125,98.65461806,3.080868056,0.914652778,35.47135417,34.1065625,21.62690972,0.744548611,240.3715972,0,0,186.0138889,,
13-05-2023,135.703125,215.3885417,6.822465278,26.81354167,16.97993056,86.60836806,2.539027778,0.7325,35.57940972,34.74524306,22.37159722,0.681979167,222.9601736,0,0,178.4131944,,
14-05-2023,159.8010417,253.6302083,9.4884375,27.45190972,19.573125,88.66993056,2.8959375,0.837847222,35.39229167,33.84298611,25.79371528,0.734305556,209.1979167,0,0,159.5291667,,
15-05-2023,112.5746528,178.7253472,4.347152778,22.76722222,12.96822917,73.54100694,2.742395833,0.307916667,35.49090278,33.86465278,24.32309028,1.007743056,242.8823958,0,0,191.1954861,,
16-05-2023,254.5114583,302.0439394,5.862465278,23.1134375,14.30194444,74.65434028,2.768472222,0.318645833,35.77930556,32.95920139,29.0459375,0.994097222,248.1,0,0,137.6611111,,
17-05-2023,173.0100694,274.6961806,6.770104167,26.42003472,16.85861111,85.33513889,2.784305556,0.554965278,35.79517361,33.76298611,29.133125,0.809791667,211.8566667,0,0,166.028125,,
18-05-2023,65.64930556,104.2048611,5.2340625,21.60892361,13.03079861,69.796875,2.816006944,0.303333333,35.32444444,29.90534722,48.28027778,1.371388889,261.9850694,0.088541667,0.088541667,184.2229167,,
19-05-2023,91.38472222,145.0604167,5.221111111,22.73270833,13.54232639,73.42555556,2.438576389,0.465763889,35.77006944,32.00822917,38.19496528,1.232777778,308.3788194,0,0,202.9107639,,
20-05-2023,114.4770833,181.7145833,7.228194444,23.50361111,15.60701389,75.91625,2.593263889,0.545972222,20.86527778,31.53319444,35.67618056,0.847986111,249.8763889,0,0,316.0659722,,
21-05-2023,246.14,390.7,46.94733333,46.05083333,59.34116667,148.7451667,2.5285,1.500333333,35.99133333,34.95266667,25.2545,0.659791667,187.2435,0,0,4.868333333,,
22-05-2023,133.0947917,211.0930556,9.131319444,24.06208333,16.38444444,77.71423611,2.881284722,0.471076389,35.48423611,38.61298611,19.12760417,0.743541667,184.9932639,0,0,203.0878472,,
23-05-2023,152.7734375,242.490625,8.050111111,23.16177778,10.01786232,74.81177778,2.843697917,0.216521739,44.74375,37.9822549,22.04044118,0.861064815,224.1980556,0.010416667,0.010416667,249.6898148,,
24-05-2023,85.99015152,136.3681818,7.265189394,20.32931818,11.26569444,65.66503788,0.970378788,0.282083333,36.6092803,30.04140152,43.11689394,0.908333333,241.5211742,0,0,147.3943182,,
25-05-2023,70.17569444,111.4572917,6.358819444,19.50340278,12.08899306,62.99482639,1.396145833,0.303854167,35.5978125,29.28614583,48.6853125,1.003368056,255.9151389,0.177083333,0.177083333,176.1461806,,
26-05-2023,47.54270833,75.58576389,6.129201389,20.95347222,12.59819444,67.67489583,1.778159722,0.346840278,35.47760417,28.12847222,51.95454861,0.777152778,215.9786111,0,0,204.65,,
27-05-2023,46.70357143,74.12857143,6.616785714,20.73353175,12.9340873,66.97043651,1.68468254,0.392539683,34.67849206,26.95440476,63.90096491,1.113849206,231.608373,0.613095238,0.536458333,132.3718254,,
28-05-2023,80.80539216,128.2553922,5.746715686,19.51852941,11.60343137,63.04553922,1.325588235,0.480147059,46.08127451,31.52058824,52.92789216,0.739705882,181.3811275,0,0,225.4078431,,
29-05-2023,62.384375,99.03125,12.95722222,23.99100694,19.46121528,77.49086806,1.748784722,0.660416667,35.31267361,26.60326389,79.43243056,0.826666667,247.2339931,0.197916667,0.197916667,166.4381944,,
30-05-2023,67.59270833,107.2729167,9.320555556,19.46079861,14.47416667,62.85659722,1.662604167,0.620555556,36.11892361,27.78895833,73.95958333,0.660034722,231.5429514,0.1875,0.1875,207.4809028,,
31-05-2023,44.27881944,70.27048611,7.063576389,16.68309028,11.14690972,53.88586806,1.582881944,0.381180556,36.06739583,25.95888889,77.62412879,0.819131944,240.0636806,0.020833333,0.020833333,180.8527778,,
01-06-2023,59.11458333,93.82916667,8.591006944,18.99822917,13.6021875,61.36315972,1.521909722,0.479756944,35.74621528,26.70753472,74.13239583,1.146736111,269.68875,0,0,142.5631944,,
02-06-2023,69.00326087,109.5315217,6.279242424,18.77670455,13.22814394,60.64920455,1.450681818,0.379456522,35.10885417,29.288125,51.07802083,1.162395833,276.6173958,0,0,217.6642361,,
03-06-2023,96.25416667,152.5944444,9.05,18.42458333,14.46875,59.5240625,1.445590278,0.488819444,35.79371528,31.20024306,43.21572917,0.984791667,264.8818403,0,0,208.4208333,,
04-06-2023,113.9517361,180.8798611,11.99517361,23.7159375,20.21635417,77.52579861,1.544236111,1.000138889,35.84107639,29.62951389,55.71416667,0.697708333,231.0142708,0,0,100.3350694,,
05-06-2023,103.0333333,163.5170139,9.189479167,17.46774306,13.92017361,56.41871528,1.348888889,0.56375,34.92701389,32.68055556,44.54461806,1.032222222,264.5421528,0,0,207.7065972,,
06-06-2023,158.325,243.6715278,7.399756944,17.60659722,12.81746528,56.86798611,1.670451389,0.524027778,35.51159722,34.49864583,33.18597222,0.964722222,221.6345139,0.276041667,0.276041667,225.3347222,,
07-06-2023,201.7899306,320.4013889,5.070347222,17.20555556,10.55059028,55.57413194,1.578784722,0.340763889,35.36840278,32.33833333,34.85878472,0.880173611,269.2280903,0,0,217.8246528,,
08-06-2023,109.9944444,174.5875,8.931631944,19.16829861,14.699375,61.88829861,1.488576389,0.591597222,35.71746528,33.92072917,33.36954861,1.045590278,278.2801389,0,0,209.3704861,,
09-06-2023,89.95526316,142.7855263,8.193377193,15.71951754,9.822465278,50.77399123,1.289429825,0.353541667,35.29486842,34.56236842,38.27570175,0.875087719,220.4803947,0,0,268.879386,,
10-06-2023,103.9675926,170.5539216,4.73837963,11.60041667,7.326018519,37.47032407,1.470416667,0.27462963,44.00587963,36.33230392,33.65990196,0.99712963,228.1570833,0,0,263.5851852,,
11-06-2023,83.69583333,132.8381944,9.275972222,18.48475694,14.11583333,59.71402778,1.604027778,0.616666667,35.57756944,32.98965278,44.91961806,1.516840278,280.6771181,0,0,209.3621528,,
12-06-2023,127.8058824,202.9382353,5.167843137,16.23245098,9.001403509,52.43044118,1.615441176,0.66962963,34.5302451,35.36147059,40.50367647,1.465539216,305.3294118,0,0,43.14362745,,
13-06-2023,140.2732639,222.803125,5.303375,14.11174242,8.42576087,45.58530303,1.916123188,0.288804348,36.05767361,36.7775,34.45166667,1.020173611,220.9187153,0,0,219.8673611,,
14-06-2023,113.5125,180.1840278,6.446041667,12.749375,8.6071875,41.20541667,2.265625,0.273055556,35.84815972,35.73322917,36.19979167,1.015277778,239.8472917,0,0,210.8086806,,
15-06-2023,97.68506944,155.0805556,6.334305556,12.49996528,8.333472222,40.40725694,2.608715278,0.322638889,36.00826389,33.61159722,41.53416667,1.269236111,230.5105208,0,0,170.76875,,
16-06-2023,77.65520833,123.3194444,11.58427083,11.99774306,12.30006944,38.75090278,2.735173611,0.496909722,35.76819444,31.86392361,59.61940972,0.760451389,214.6396528,0.098958333,0.098958333,170.8954861,,
17-06-2023,78.16909722,124.0690972,16.55611111,11.85770833,16.32385417,38.30166667,2.318541667,0.559201389,35.84302083,32.51652778,64.57385417,0.776458333,251.0297222,0.015625,0.015625,169.8795139,,
18-06-2023,55.48680556,88.06875,8.308068182,8.921780303,7.419131944,28.81526515,2.901875,0.271215278,35.72361111,31.51060606,67.43151515,0.8096875,208.4695833,0,0,81.89965278,,
19-06-2023,40.11076389,63.65729167,9.076388889,10.87829861,9.724965278,35.13649306,2.416423611,0.349131944,35.60083333,28.61677083,90.75370833,0.762465278,216.4104514,0.161458333,0.161458333,99.47534722,,
20-06-2023,58.93125,93.53506944,8.768402778,11.3640625,9.777395833,36.70649306,2.378229167,0.487326389,35.63552083,31.44930556,72.65246528,0.654548611,219.9550694,0.005208333,0.005208333,156.3684028,,
21-06-2023,61.57881944,97.74236111,7.400416667,12.14479167,9.064375,39.22524306,2.7790625,0.362673611,35.79989583,30.67583333,80.52557971,0.673125,234.3033333,0.03125,0.03125,98.77465278,,
22-06-2023,80.27395833,127.4354167,6.73625,10.2665625,7.5565625,33.159375,2.867083333,0.309791667,35.3128125,32.55,75.39416667,0.912430556,239.3896875,0,0,115.4319444,,
23-06-2023,103.290625,163.9708333,6.743229167,10.85944444,7.833715278,35.075,2.435486111,0.400486111,34.92854167,33.65711806,69.94465278,0.914201389,211.9510764,0.041666667,0.041666667,178.3635417,,
24-06-2023,116.5104167,185.0541667,6.602743056,10.51666667,7.573506944,33.96868056,2.485,0.4565625,36.02857639,32.94784722,73.33305556,0.752881944,168.9741667,0,0,175.7243056,,
25-06-2023,37.33684211,59.39517544,7.217083333,11.02143519,6.825277778,35.59773148,3.108072917,0.419126984,41.30074561,26.89767857,99.4225,0.755570175,236.3760965,0.1375,0.114583333,57.32719298,,
26-06-2023,90.5725,143.75375,5.184545455,13.83534091,9.455,44.68882576,1.402083333,0.536702899,36.05076389,29.08933333,99.09548611,0.547013889,221.2993403,0.135416667,0.135416667,98.26145833,,
27-06-2023,124.0447917,196.90625,2.285657895,9.3234375,5.972465278,30.11642361,0.728368056,0.599618056,35.69753472,30.31371528,87.4247619,0.512222222,196.8954861,0.125,0.098958333,149.1725694,,
28-06-2023,102.5395833,162.7527778,4.20475,8.505416667,6.939548611,27.47184028,0.378784722,0.495451389,36.02232639,29.37777778,93.24865385,0.59125,220.0158681,0.5625,0.5625,167.5614583,,
29-06-2023,98.32992424,156.0689394,9.366833333,7.741893939,10.29905303,25.04791667,1.16969697,0.869734848,34.12712121,28.5719697,99.66157407,0.489772727,202.5640909,0.337121212,0.302083333,48.61818182,,
30-06-2023,54.59756944,86.66041667,3.247789855,8.475398551,5.414565217,27.3759058,1.26094697,0.381050725,35.0359375,29.14013889,95.39596154,0.521215278,216.7308681,0.067708333,0.067708333,153.7409722,,
01-07-2023,40.86631944,64.87361111,6.335520833,7.575416667,5.819861111,24.46777778,2.127743056,0.438020833,35.01961806,29.07606061,83.69310185,0.482326389,212.6847222,0,0,155.0930556,,
02-07-2023,58.30590278,92.55590278,6.596979167,8.056319444,6.212465278,26.02295139,2.093125,0.480520833,35.24940972,30.94159722,81.30652778,0.656701389,235.1847569,0,0,140.9621528,,
03-07-2023,98.24583333,155.940625,5.545451389,10.07461806,6.502916667,32.54100694,2.370394737,0.551746032,35.74774306,33.31770833,71.42102273,0.760659722,254.1270139,0,0,179.6315972,,
04-07-2023,84.11076389,133.5152778,5.213263889,8.988194444,5.543194444,29.03163194,4.472986111,0.461875,35.90277778,30.89427083,86.77220588,0.742430556,249.3577778,1.296875,1.296875,164.6864583,,
05-07-2023,75.95729167,120.5454861,6.061527778,7.466041667,5.510763889,24.11524306,2.216979167,0.511076389,34.57704861,30.23545139,94.22455556,0.562361111,207.7282292,0.109375,0.109375,140.0659722,,
06-07-2023,53.2875,84.60347222,6.734340278,8.7121875,6.628958333,28.14086806,2.447395833,0.392986111,35.23048611,28.83125,99.600625,0.717395833,173.4635417,0.005208333,0.005208333,100.7583333,,
07-07-2023,41.93159722,66.54930556,9.902881944,13.6346875,10.73701389,44.03670139,2.195104167,0.3965625,35.72701389,30.56136905,94.08071429,0.611701389,153.9230903,0,0,106.2920139,,
08-07-2023,27.4609375,43.5875,11.80877778,9.010055556,5.9715625,29.10166667,2.46734375,0.266875,32.36588542,27.64546875,99.76,0.668020833,164.4426563,0.375,0.375,70.63125,,
09-07-2023,18.71708333,28.49736842,13.27145833,8.586291667,10.15175,27.79820833,2.813666667,0.357375,41.38545833,23.24375,3.34,0.847791667,176.5798333,3.53125,2.682291667,80.40375,,
10-07-2023,43.48576389,69.01145833,9.892083333,8.147395833,7.356840278,26.31618056,2.435451389,0.3625,36.37802083,28.0184375,99.82375,0.650972222,198.7992014,0.020833333,0.020833333,93.02708333,,
11-07-2023,69.63784722,110.5357639,10.35743056,7.786111111,7.566805556,25.14791667,2.249097222,0.431631944,35.64159722,28.61006944,96.49,1.040138889,266.5808681,0,0,117.1538194,,
12-07-2023,86.30416667,136.98125,9.934375,7.607916667,7.119097222,24.57208333,2.460034722,0.497013889,35.43107639,29.51833333,99.43674242,0.686493056,207.4742708,0.057291667,0.057291667,113.9496528,,
13-07-2023,57.08181818,90.62045455,6.921060606,7.610037879,7.765869565,24.57984848,3.136557971,0.405398551,35.89465278,29.95555556,99.23673611,0.597430556,199.8778819,0,0,137.9614583,,
14-07-2023,44.22291667,70.2,3.063819444,7.711041667,10.62184028,24.90815972,1.577916667,0.373368056,35.40072917,29.63225694,95.8646875,0.691909722,171.0229861,0.208333333,0.208333333,113.5993056,,
15-07-2023,52.02569444,82.57569444,3.784375,7.342048611,10.84072917,23.71357639,2.359305556,0.423784722,35.6340625,29.74086806,96.45758333,0.6246875,228.1291667,0.375,0.375,129.303125,,
16-07-2023,25.075,39.79201389,5.421376812,7.851527778,12.94173611,25.360625,2.607986111,0.377013889,35.48100694,28.15083333,88.53805556,0.617534722,214.1290278,1.026041667,0.869791667,129.3857639,,
17-07-2023,62.46909722,99.16180556,4.642840909,8.335138889,12.56055556,26.92222222,2.069236111,0.462256944,35.66725694,30.41631944,89.0009375,0.620833333,236.0114931,0.005208333,0.005208333,164.840625,,
18-07-2023,62.48472222,99.16944444,2.916111111,6.574340278,9.474409722,21.23444444,2.086458333,0.430069444,35.66486111,29.37829861,99.69458333,0.717916667,208.0747222,0.03125,0.03125,87.12881944,,
19-07-2023,55.61111111,88.26597222,2.533090278,6.701006944,9.220868056,21.64569444,3.5703125,0.325277778,35.50225694,31.12788194,89.17422222,0.537604167,168.9126042,0,0,160.3194444,,
20-07-2023,73.38715278,116.4673611,4.238768116,9.151111111,12.93048611,29.55822917,2.477361111,0.4215625,35.46152778,33.17541667,79.64535714,0.540277778,191.2041319,0,0,173.3017361,,
21-07-2023,92.20454545,146.3007576,1.945166667,7.982708333,9.022121212,25.78420833,1.996587302,0.438224638,39.17632576,32.64263158,79.82740741,0.620265152,209.7034091,0,0,187.8875,,
22-07-2023,66.21631944,105.0913194,1.481770833,6.557430556,8.022743056,21.179375,2.041076389,0.367395833,35.43548611,32.26333333,91.64591667,0.607881944,150.3048264,0,0,143.1711806,,
23-07-2023,45.23020833,71.79131944,1.139201389,5.912638889,7.038229167,19.09809028,2.178784722,0.311319444,35.82510417,32.39892361,88.27767361,0.464583333,201.8184722,0,0,173.0788194,,
24-07-2023,56.88297101,90.22318841,1.809528986,6.994528986,8.762898551,22.59344203,2.367613636,0.319393939,35.11819444,32.4325,86.3976087,0.545277778,183.1737847,0,0,183.4961806,,
25-07-2023,65.92638889,104.5101852,2.613235294,6.941574074,9.267592593,22.40263889,2.618981481,0.358472222,34.36263889,31.75384259,91.61923611,0.557916667,168.725463,0,0,193.1166667,,
26-07-2023,33.97797619,53.92857143,3.288035714,8.667202381,11.95625,27.99416667,2.431130952,0.395654762,50.55761905,29.29297619,99.63111111,0.637559524,189.2310714,0,0,79.50714286,,
27-07-2023,64.89270833,103.0027778,4.664791667,7.991458333,12.60909722,25.79611111,2.5275,0.512847222,35.21232639,30.65152778,97.34259259,0.605451389,233.5106944,0.010416667,0.010416667,155.8652778,,
28-07-2023,34.66736111,55.02013889,4.230681818,9.194513889,13.07163194,29.69819444,2.413402778,0.459131944,35.73145833,29.00465278,94.27741667,0.628333333,241.0216667,1.59375,1.34375,155.2864583,,
29-07-2023,13.37934783,21.24347826,6.002613636,5.515265152,9.777222222,17.81393939,3.321359649,0.337951389,36.81557971,27.435,,0.551557971,214.5168841,0.369791667,0.369791667,97.32065217,,
30-07-2023,25.94826389,41.18125,4.300590278,6.094375,9.385972222,19.68444444,2.819583333,0.303506944,35.89170139,29.85458333,94.84711538,0.629861111,235.7949306,0.005208333,0.005208333,159.1760417,,
31-07-2023,42.29618056,67.14027778,3.729431818,6.790694444,9.078888889,21.93493056,2.364236111,0.332222222,35.47729167,30.99340278,88.34266667,0.836319444,244.6423611,0,0,138.1482639,,
01-08-2023,35.98958333,57.12256944,3.212638889,6.139166667,8.214618056,19.83097222,2.1628125,0.225868056,35.44649306,31.28045139,88.38485294,0.801631944,181.8498958,0,0,183.7225694,,
02-08-2023,42.44166667,67.42291667,3.479756944,7.046493056,9.516215278,22.76121528,2.612986111,0.235798611,35.20052083,32.454375,95.3625,0.596527778,178.8955903,0.072916667,0.072916667,146.0267361,,
03-08-2023,41.90763889,66.51666667,4.198402778,7.0071875,10.17378472,22.63270833,2.214930556,0.272881944,35.6209375,32.92225694,95.86920455,0.902534722,252.4592014,0.005208333,0.005208333,179.3,,
04-08-2023,69.68571429,110.8329365,4.300075758,7.426704545,10.07443182,23.98886364,2.034166667,0.337826087,35.06795139,29.63329861,99.37944444,0.662326389,223.7632292,0.0625,0.0625,72.92534722,,
05-08-2023,79.05601852,125.5222222,6.813576389,7.429826389,11.20409722,23.99892361,2.766145833,0.393472222,36.20447917,29.96097222,99.49675,0.942777778,231.6408333,0.03125,0.03125,70.60625,,
06-08-2023,54.20729167,86.04861111,6.422951389,6.743090278,10.12982639,21.779375,2.383784722,0.294791667,35.87972222,31.6753125,85.0547807,0.450729167,139.2641667,0,0,183.2618056,,
07-08-2023,59.52777778,94.53293651,4.601626984,6.670039683,7.163611111,21.54416667,1.974444444,0.195625,40.1918254,31.4302381,75.10575397,0.453055556,84.28730159,0,0,182.6853175,,
08-08-2023,45.81805556,72.72534722,5.361701389,6.072951389,8.427152778,19.614375,2.440520833,0.228715278,35.56732639,30.7534375,82.16270833,0.482777778,100.9300347,0,0,147.1673611,,
09-08-2023,46.28159722,73.43368056,5.416736111,6.9865625,9.387916667,22.56774306,2.660868056,0.247916667,35.92427083,30.7109375,79.70927083,0.528958333,184.8164236,0,0,136.1236111,,
10-08-2023,69.01840278,109.4086806,5.524761905,6.510039683,7.898784722,21.02702381,2.545119048,0.239965278,35.72631944,30.9084127,82.35301587,0.569097222,178.9507292,0,0,148.2052083,,
11-08-2023,41.421875,65.72361111,5.038888889,5.325486111,7.362152778,17.20003472,2.375972222,0.318402778,34.97590278,31.57047619,80.97646825,0.709131944,202.0907292,0,0,167.6732639,,
12-08-2023,40.18263889,63.76388889,4.39625,5.7146875,7.134861111,18.45708333,2.049791667,0.244513889,35.685625,31.83513889,62.52361111,0.491701389,105.0143056,0,0,175.5315972,,
13-08-2023,46.67777778,74.09027778,4.794166667,5.51625,7.306319444,17.81690972,2.187534722,0.214722222,36.51524306,30.92503472,72.54538194,0.837777778,195.1661806,0,0,166.7541667,,
14-08-2023,52.34479167,83.19270833,5.892534722,5.919895833,8.82,19.12211806,2.150416667,0.3165625,35.12239583,30.0771875,85.9434127,0.762604167,216.1164583,0,0,123.2875,,
15-08-2023,48.38680556,76.79930556,4.59375,5.919513889,7.508923611,19.11982639,2.309201389,0.343506944,35.0221875,30.56027778,82.21734375,0.889652778,208.1523264,0,0,156.3493056,,
16-08-2023,45.11284722,71.60625,4.617881944,6.645798611,8.253506944,21.46694444,2.309027778,0.340416667,35.69024306,32.22857639,80.71961806,0.9271875,251.7519792,0,0,166.525,,
17-08-2023,77.15729167,122.4788194,8.517013889,9.059548611,14.50211806,29.26260417,2.412256944,0.307986111,35.65732639,32.46791667,65.30628472,1.055486111,223.5679514,0,0,171.2583333,,
18-08-2023,119.2006944,188.4631944,9.257352941,9.536176471,13.13464286,30.80073529,3.162291667,0.339886364,35.45465278,32.59583333,66.1600463,1.096180556,269.1708333,0,0,175.4069444,,
19-08-2023,88.17318841,139.951087,5.844,3.750343137,7.318913043,12.11303922,2.566468254,0.452847222,35.81952899,29.54676471,98.3053125,0.70692029,212.0310145,0.758680556,0.677083333,76.60217391,,
20-08-2023,83.68333333,132.8190972,3.764094203,,0.1071875,,2.635416667,0.478368056,34.81496528,,,0.6290625,182.8786111,0,0,159.8114583,,
21-08-2023,98.11493056,155.7819444,4.588674242,4.297,3.76875,13.88175,2.673020833,0.442951389,35.63774306,34.41297619,73.83291667,0.760520833,232.9819792,0,0,148.8711806,,
22-08-2023,95.36180556,151.3788194,7.971666667,12.55314815,6.054375,40.54703704,2.581076389,0.392013889,35.08756944,31.08493056,95.70174242,0.965138889,250.8092361,0,0,111.5590278,,
23-08-2023,78.82638889,125.1201389,7.501284722,14.81954861,16.45795139,47.86527778,3.014469697,0.315972222,35.86236111,27.62742754,,0.749201389,244.8212153,0.0625,0.0625,31.20243056,,
24-08-2023,88.915625,141.1493056,7.453020833,14.8621875,16.9728125,48.00371528,2.786770833,0.445,35.22340278,29.40375,90.1979902,0.492777778,186.1439931,0,0,128.0003472,,
25-08-2023,102.3112745,162.4098039,6.375196078,28.38431373,16.34214912,91.68176471,2.056078431,0.424166667,34.37563725,30.13485294,83.86745098,0.694754902,198.8783333,0,0,215.1995098,,
26-08-2023,143.5538889,227.8733333,5.072,15.24277778,4.870208333,49.23716667,2.512,0.24546875,50.04127778,32.52966667,58.47977778,0.671777778,175.2795556,0,0,176.835,,
27-08-2023,164.5850694,261.2340278,4.435798611,14.96965278,4.614097222,48.35208333,2.366180556,0.242881944,35.22322917,31.00736111,60.64954861,0.861805556,199.3611458,0,0,151.95,,
28-08-2023,132.6638889,210.5702381,4.364404762,15.395,4.480075758,49.72198413,2.081359649,0.325277778,36.00738095,26.82686508,69.11016667,0.891825397,220.1517063,0.113095238,0.098958333,109.456746,,
29-08-2023,129.7651961,205.9759804,5.365,20.71166667,3.951865079,66.89791667,3.466029412,0.248333333,44.97884259,31.5247549,55.87936275,1.221851852,274.8197685,0,0,189.3328704,,
30-08-2023,129.4243056,205.4361111,,14.53972222,0.017604167,46.96503472,2.417986111,0.354861111,36.09864583,32.88302083,55.77260417,1.121736111,260.4947569,0,0,144.8184028,,
31-08-2023,129.6864583,205.8243056,10.45198718,15.26746528,4.986701389,49.31215278,2.403402778,0.371597222,35.190625,32.31083333,64.10166667,1.074305556,256.8302083,0,0,148.1423611,,
01-09-2023,127.6753472,202.6545139,11.58746528,15.44572917,10.59194444,49.89079861,2.200520833,0.354791667,35.4846875,34.0171875,50.94364583,1.109444444,269.4812847,0,0,147.1076389,,
02-09-2023,127.9958333,203.1677083,9.736421569,15.30230392,5.918402778,49.42612745,3.493291667,0.321111111,35.45086806,31.64467593,48.15185185,1.166215278,238.0483681,0,0,150.8083333,,
03-09-2023,121.9416667,193.5625,10.02413194,14.73232639,8.969583333,47.58204861,2.239270833,0.323680556,35.83572917,32.04232639,59.63631944,1.302395833,259.0189236,0,0,150.6,,
04-09-2023,115.3833333,183.1416667,9.9115625,15.01954861,9.029236111,48.51274306,2.538888889,0.3359375,35.23357639,31.88864583,60.82944444,1.156770833,254.2252083,0,0,146.8614583,,
05-09-2023,105.05,166.7458333,9.910034722,15.96430556,9.521666667,51.565,2.553784722,0.467256944,36.31194444,32.12305556,66.41513889,0.616041667,223.7753472,0,0,135.1826389,,
06-09-2023,93.90833333,149.0833333,9.854652778,15.25065972,9.103923611,49.25440972,2.105243056,0.416527778,35.33614583,31.3196875,68.63364583,0.666701389,216.5078819,0,0,110.3010417,,
07-09-2023,88.71666667,140.8208333,9.808055556,15.74836806,9.329444444,50.88125,2.760041667,0.435729167,35.88246528,30.95072917,72.37763889,0.771736111,254.3747569,0,0,130.7402778,,
08-09-2023,87.64236111,139.1072917,10.49486111,15.50822917,9.749861111,50.09069444,2.299637681,0.419659091,35.510625,29.26953704,73.45768519,0.5721875,232.7827431,0,0,145.7848485,,
09-09-2023,53.83680556,85.465625,12.14177083,15.04083333,10.84204861,48.58173611,2.149375,0.338402778,36.38329861,25.87208333,86.1865,0.450277778,248.749375,0.383680556,0.317708333,96.6192029,,
10-09-2023,48.53291667,77.04125,13.32535088,15.01236842,10.64285714,48.49083333,1.990131579,0.364563492,34.94125,25.68605263,,0.453458333,200.171625,1.273809524,1.098958333,65.7125,,
11-09-2023,68.85868056,97.31840278,7.615978261,11.17061594,5.420942029,36.07565217,2.742460317,0.313993056,35.77152778,27.49128472,99.50194444,0.475416667,226.3421528,0,0,78.68611111,,
12-09-2023,84.36493056,133.9006944,14.160875,5.270208333,11.11202381,17.02029167,2.159826389,0.482083333,35.1778125,28.55899306,96.63875,0.606215278,204.086875,0.026041667,0.026041667,114.3375,,
13-09-2023,104.9345238,166.5392857,18.66434211,3.460921053,13.60904762,11.17723684,2.107236842,0.482310606,34.80555556,30.44736842,91.37522727,0.651706349,151.4344841,0,0,147.0785714,,
14-09-2023,104.9350694,166.5239583,6.455885417,5.8240625,3.4959375,18.81,1.786333333,0.634333333,35.52145833,33.1140625,87.44333333,0.653715278,175.3074653,0,0,121.7684028,,
15-09-2023,86.03715278,136.5944444,8.277268519,4.605784314,6.578293651,14.86544118,2.402534722,0.482465278,35.25993056,29.78729167,97.37980769,0.550104167,201.8345833,0,0,70.84166667,,
16-09-2023,81.42326389,129.2385417,5.270396825,1.955694444,6.242291667,6.317708333,0.876423611,0.498506944,35.81017361,26.7375,,0.560208333,262.0276736,0.260416667,0.260416667,87.7875,,
17-09-2023,77.51840278,123.075,7.300396825,5.049362745,7.189618056,16.3097549,1.921706349,0.343854167,35.87253472,27.88615079,99.37297619,0.598159722,162.8154514,0.057291667,0.057291667,79.85625,,
18-09-2023,59.44340278,94.36805556,6.929206349,5.807604167,7.760069444,18.75663194,1.822857143,0.264384058,35.60815972,28.16475694,99.33865385,1.019930556,113.4938542,0,0,101.0638889,,
19-09-2023,74.61111111,118.6472222,1.407149123,4.870793651,2.557063492,15.73142857,1.478923611,0.317777778,35.81305556,30.20211806,81.53401042,0.831388889,179.2845139,0,0,133.8715278,,
20-09-2023,114.6886364,182.0943182,3.116018519,6.299122807,2.776098485,20.34122807,3.027936508,0.465113636,35.34878788,31.00125,69.74051282,0.743863636,177.1145833,0,0,65.15340909,,
21-09-2023,95.30868056,151.2795139,6.956416667,6.920583333,6.497604167,22.35354167,5.707361111,0.414548611,35.64083333,31.31516667,78.01767857,0.852361111,251.1647569,0.03125,0.03125,119.1260417,,
22-09-2023,91.546875,145.2819444,11.87706349,7.396071429,10.83138889,23.89134921,5.583020833,3.209166667,35.30631944,31.0527381,81.84188889,0.682673611,217.3234375,0,0,108.3611111,,
23-09-2023,97.26597222,154.3170139,12.41902778,6.812534722,12.49427083,21.98972222,5.701736111,5.932534722,36.24215278,28.934375,98.11633333,0.669097222,172.2497917,0,0,112.4361111,,
24-09-2023,111.8253472,177.5163194,14.67854167,7.037013889,14.42829861,22.72892361,5.666944444,6.000486111,36.00236111,29.04493056,75.08958333,0.930416667,250.0110764,0,0,121.0256944,,
25-09-2023,120.971875,192.0298611,21.28572464,19.06293478,22.03697917,61.43184783,5.446354167,6.178125,35.37451389,30.03475694,70.05138889,0.586458333,210.8612153,0,0,114.5097222,,
26-09-2023,119.5769608,189.7803922,4.64859375,12.05333333,6.138578431,38.92942708,5.187107843,3.980343137,44.04598039,31.46279412,69.01745098,1.178921569,282.2496569,0.029411765,0.020833333,114.6789216,,
27-09-2023,121.2399306,192.5111111,5.985590278,9.274131944,5.275555556,29.9628125,5.850555556,1.898506944,35.24767361,29.76277778,69.27059524,1.317743056,301.9603125,0,0,113.4638889,,
28-09-2023,134.9791667,214.2506944,7.003229167,9.964201389,6.451597222,32.18225694,7.624826389,1.954652778,35.82267361,28.86295139,61.24807018,1.162569444,304.7338194,0,0,112.9888889,,
29-09-2023,178.2309028,283.4381944,12.56229167,11.95791667,11.85743056,38.64486111,5.726840278,2.175104167,34.76975694,29.20427083,62.46392857,0.972361111,270.2165625,0,0,106.0767361,,
30-09-2023,146.7403509,232.9162281,7.927149123,11.05364035,7.762192982,35.70469298,6.354868421,1.960833333,42.51421053,30.60916667,62.47618421,1.40872807,305.3499123,0,0,133.8114035,,
01-10-2023,138.4114583,219.715625,4.404479167,9.101354167,3.914305556,29.4096875,5.547777778,1.929375,35.53135417,29.10173611,61.63361111,1.278923611,292.3706597,0,0,107.7979167,,
02-10-2023,125.8861111,199.8086806,3.519460784,8.255686275,2.0009375,26.66553922,6.455787037,1.584409722,35.82489583,27.5852451,66.15622549,1.231423611,303.9723611,0,0,103.8329861,,
03-10-2023,138.7760417,220.2927083,6.564746377,13.03145833,7.820520833,42.09055556,1.086541667,1.239963768,35.39836806,27.88208333,44.43430556,1.125208333,251.2992014,0,0,104.3277778,,
04-10-2023,169.8267361,269.5517361,6.46875,14.1950463,13.70868421,45.85097222,1.613611111,0.629618056,35.25746528,29.46428571,45.65458333,1.167430556,240.9605903,0,0,101.1336806,,
05-10-2023,183.6920139,291.5440972,15.07618056,19.52833333,29.57020833,63.06805556,1.910138889,0.871597222,35.74430556,28.13420139,50.33121528,0.927673611,226.6193056,0,0,98.56180556,,
06-10-2023,171.2969697,271.8981061,42.67318182,22.68787879,56.8107197,73.28113636,2.441477273,1.379128788,33.19659091,28.23429825,53.12877451,0.823977273,213.6123106,0,0,99.92462121,,
07-10-2023,123.6319444,196.6824074,10.435,19.90986111,14.85579861,64.31149306,2.013020833,0.808298611,36.1678125,29.5051087,58.17800725,0.924375,229.9712153,0,0,99.39826389,,
08-10-2023,109.5072917,173.965625,41.06285714,20.03916667,24.24552083,64.74166667,1.212673611,0.955416667,35.48409722,30.32295139,64.918125,0.729826389,217.4667014,0,0,95.83680556,,
09-10-2023,64.7375,102.7538194,27.8607971,16.62722222,26.3428125,53.64420139,1.414131944,1.028055556,35.38104167,30.95006944,51.67145833,0.735243056,174.1409028,0,0,95.35138889,,
10-10-2023,63.04131944,100.1083333,12.33020833,14.61979167,13.88666667,47.26427083,1.890868056,0.671319444,34.05659722,29.99777778,52.14138889,0.929027778,282.5824306,0,0,91.11458333,,
11-10-2023,71.50798611,113.50625,8.437708333,14.98913194,10.94916667,48.41545139,1.86,0.637083333,30.95659722,28.34131944,59.19711806,1.191041667,283.8013889,0,0,87.53784722,,
12-10-2023,84.22291667,133.6854167,16.3159375,23.62256944,21.86555556,76.299375,1.871875,0.806840278,30.69631944,28.02940972,49.31215278,0.850729167,243.214375,0,0,87.80520833,,
13-10-2023,112.0603175,177.8186508,38.34706522,25.85735507,35.4496875,83.51923913,2.716304348,1.108541667,30.62524306,29.15184783,52.14184783,0.801979167,225.3196528,0.171875,0.171875,81.54166667,,
14-10-2023,122.0552083,193.728125,15.10753472,19.92520833,15.56892361,64.35770833,2.568402778,0.954097222,31.43569444,29.49590278,51.70506944,0.791805556,249.4212847,0,0,83.59722222,,
15-10-2023,127.0708333,242.9013889,10.48236111,20.82559028,12.50590278,51.34850694,2.517083333,0.862291667,31.28173611,28.23875,52.34475694,0.686701389,223.0120833,0,0,75.15763889,,
16-10-2023,83.3528125,257.4229167,9.350113636,27.94662879,15.77097826,35.54416667,2.026150794,0.632536232,31.418125,25.9351087,54.45384058,0.78625,207.0362847,0.331597222,0.296875,82.06076389,,
17-10-2023,70.57904167,137.9496032,15.78454167,37.64710526,23.47126812,49.17148551,2.724958333,0.653514493,32.78356061,22.71881579,88.12651042,0.634818841,211.9464493,0,0,75.58768116,,
18-10-2023,72.483125,128.4145833,14.27114583,35.60097222,24.80385417,37.47743056,1.670868056,0.790208333,30.205,23.94958333,66.54916667,1.104479167,302.4109722,0,0,82.68125,,
19-10-2023,66.83960145,151.9369565,17.80902778,37.73833333,28.64763889,40.88065972,1.492222222,0.809444444,30.74760417,23.70809028,66.25027778,0.910451389,288.1080903,0,0,78.18229167,,
20-10-2023,117.1967361,219.3135417,76.64158333,39.50404167,75.25130952,81.05425,1.838541667,1.434895833,30.51194444,24.41402778,65.9880303,0.823854167,254.8150694,0,0,77.13368056,,
21-10-2023,153.4100347,293.284375,66.69715278,49.72576389,77.49920139,85.31538194,2.106527778,1.644861111,30.0815625,24.14763889,62.79324561,0.7265625,230.9634028,0,0,75.83368056,,
22-10-2023,143.0379514,227.8989583,76.38631944,49.1521875,79.45909722,89.43708333,2.164305556,1.578472222,30.860625,24.34229167,70.18475694,0.915138889,238.8363889,0,0,73.86423611,,
23-10-2023,89.78358696,136.6565217,43.81469697,44.1942029,45.42895833,60.54268116,1.814756944,1.187256944,30.14038194,24.66125,69.84618056,0.895277778,261.8325347,0,0,79.05590278,,
24-10-2023,94.73642361,191.55,38.17222222,48.46079861,45.69565972,62.265625,23.78645833,1.118923611,30.66940972,24.52412698,64.07833333,0.775,246.8763889,0,0,71.37534722,,
25-10-2023,138.3384783,236.665942,43.99072464,53.1617029,54.48728261,70.66710145,1.52719697,1.351884058,30.82822917,24.59444444,60.39100694,0.891458333,246.2967708,0,0,72.35243056,,
26-10-2023,150.8775,328.0131944,49.89121528,53.05496528,58.39569444,74.08065972,3.322534722,1.423993056,30.58583333,24.00576389,61.63784722,0.8071875,229.2526042,0,0,69.15381944,,
27-10-2023,155.1786957,315.2894928,118.3713768,59.89753623,117.162029,123.3402536,2.205471014,2.178333333,30.51061594,24.00264493,55.69246377,0.742608696,214.2618841,0,0,64.93804348,,
28-10-2023,143.0205556,276.728125,131.0988194,77.29222222,136.6066319,145.8879861,2.387430556,2.444930556,30.54208333,24.46819444,60.30618056,0.639479167,211.3423264,0,0,73.79236111,,
29-10-2023,90.32072917,161.7510417,39.579375,74.50204861,61.87555556,85.74225694,2.140069444,1.941041667,31.29229167,25.82444444,46.0575,0.549340278,198.0901042,0,0,64.73611111,,
30-10-2023,110.8946212,169.9115079,18.28318841,72.33358696,43.85173611,72.50844203,1.730833333,1.460972222,30.29451389,25.85833333,51.13208333,0.508368056,158.39375,0,0,61.70729167,,
31-10-2023,155.5812821,238.3980769,8.013988095,80.13696429,47.18107143,78.77827381,1.847440476,1.580059524,44.32863095,26.72327381,50.30386905,0.486071429,222.8572024,0,0,73.49583333,,
01-11-2023,90.94079861,158.0354167,41.72482639,70.04822917,59.76597222,93.46753472,1.985069444,2.086597222,30.24805556,25.05940972,69.70725694,0.569409722,177.7263194,0,0,61.35729167,,
02-11-2023,162.6194792,278.4795139,121.5269097,89.78034722,98.51704861,159.6515278,2.1921875,3.409965278,30.51100694,24.26354167,78.06704545,0.762604167,242.4507986,0,0,58.309375,,
03-11-2023,322.0030435,347.9618421,64.5090625,86.51506944,61.5128125,117.8359722,3.067083333,3.3565625,30.81677083,23.47243056,74.57619048,0.801909722,262.8362847,0,0,52.11423611,,
04-11-2023,353.8430159,616.3429348,56.76228261,89.57934028,73.00385417,112.5479861,2.871875,4.063854167,38.23246528,23.54788194,70.28288462,0.700520833,229.3856597,0,0,55.03298611,,
05-11-2023,174.0358333,385.3111667,63.3315873,126.2810317,99.49118056,151.1734921,1.759801587,3.277291667,17.75329365,22.91011905,69.55955128,0.662539683,233.2646825,0,0,43.51388889,,
06-11-2023,281.2247083,468.6167593,6.129930556,35.29201389,18.99065972,41.43670139,1.559810606,3.371956522,20.76791667,22.96076389,71.55090909,0.632604167,243.5235069,0,0,58.21145833,,
07-11-2023,225.455625,427.2748958,86.75694444,91.19131944,108.1555208,136.101875,2.300763889,4.141770833,20.87010417,23.27604167,72.49433333,0.6475,229.4960417,0,0,53.171875,,
08-11-2023,306.498442,416.7582143,175.5257971,179.4648188,155.4732576,206.71225,4.019057971,4.653819444,26.71378472,23.04965278,66.302,0.713125,248.7487153,0,0,51.98229167,,
09-11-2023,347.6374653,539.0068841,25.23936275,64.98666667,31.76708333,68.34921569,1.666458333,3.748993056,19.58131944,23.89378472,69.20279167,0.630520833,254.3742708,0,0,50.01319444,,
10-11-2023,125.3318056,205.0203472,51.22690972,74.57184028,63.7271875,92.998125,2.111909722,2.543576389,12.73618056,21.11284722,90.24862745,0.729513889,209.3974306,0.151041667,0.151041667,50.05902778,,
11-11-2023,120.4321875,193.9457639,38.92166667,57.60496528,44.78354167,70.36211806,1.745763889,2.492777778,15.57472222,20.05861111,76.62533333,1.094444444,291.2011458,0,0,55.14027778,,
12-11-2023,155.450303,231.5546591,27.18590278,46.29961806,32.63059028,58.61694444,4.695381944,2.750902778,22.99121528,20.00194444,76.85102941,0.892361111,280.4047917,0,0,55.68923611,,
13-11-2023,316.8522727,442.8043651,20.69263889,11.98170139,33.02197917,43.82416667,9.336319444,3.689791667,10.69621528,20.095625,75.05369792,0.738993056,239.9332986,0,0,58.41215278,,
14-11-2023,254.217029,381.7951389,41.66673611,46.48416667,52.98715278,73.40197917,4.210451389,4.4909375,10.29652778,19.7640625,63.8274359,0.785659722,248.7141667,0,0,65.98194444,,
15-11-2023,177.5321429,322.3348485,53.03649123,44.01375,46.54865942,73.60208333,29.43041667,3.095036232,10.38579545,18.88185606,75.34692308,0.855227273,253.625303,0,0,43.28636364,,
16-11-2023,389.0137681,470.6306818,47.99742754,47.54971014,35.91548611,80.91992754,5.140434783,2.818977273,10.29097222,19.48017361,71.04230769,0.773229167,260.3635069,0,0,57.15659722,,
17-11-2023,254.0744097,439.3680903,118.5251087,75.75288194,76.90208333,143.1314931,2.420729167,3.277777778,10.28489583,20.37364583,70.54788462,0.681909722,255.9150347,0,0,55.31006944,,
18-11-2023,165.7452431,284.2135764,42.91538194,66.86868056,42.42791667,95.05763889,2.260555556,1.955451389,10.29104167,19.77052632,60.08964286,0.545,201.7889236,0,0,55.64479167,,
19-11-2023,154.0790972,244.3595833,16.5425,16.13635417,20.78222222,43.79795139,1.894930556,1.897673611,10.29690972,19.77916667,75.45442982,0.602118056,223.3997917,0,0,56.44131944,,
20-11-2023,177.0020635,314.5759921,15.09736111,11.77041667,19.21340278,41.33444444,2.307361111,2.5459375,35.10590278,19.50767361,67.66910714,0.768333333,228.3669097,0,0,52.096875,,
21-11-2023,148.9092361,222.6099653,15.09395833,11.77378472,19.21902778,41.34100694,2.327326389,2.264756944,50.00229167,19.66083333,66.44215686,0.734305556,259.7572569,0,0,52.93784722,,
22-11-2023,173.6847917,321.5092045,15.09680556,11.77104167,19.21215278,41.33579861,2.243541667,1.966736111,50.00513889,18.28065972,66.08829545,0.783958333,267.2463194,0,0,51.53576389,,
23-11-2023,186.9858681,460.1807292,15.10135417,11.77569444,19.21621528,41.3365625,2.210590278,2.604826389,50.0096875,18.46326389,64.17367647,0.711423611,230.7728125,0,0,50.70034722,,
24-11-2023,240.6672917,498.3747464,16.1184375,21.92586806,21.87486111,49.05458333,2.316597222,2.915659722,49.99868056,18.29854167,65.18583333,0.708541667,243.5777778,0.005208333,0.005208333,51.94791667,,
25-11-2023,159.975303,289.7229924,15.11477273,11.78988636,17.17857639,41.50223485,1.894886364,3.154375,48.4275,18.24746212,69.95315476,0.692386364,268.6283333,0,0,41.52537879,,
26-11-2023,152.6130903,242.5604167,15.09545139,11.78135417,19.22125,41.3346875,1.774131944,2.516666667,50.00420139,19.02354167,74.54824561,0.588402778,217.4703472,0,0,51.16770833,,
27-11-2023,122.1903623,157.1855435,15.09489583,11.77996528,19.21743056,41.34111111,2.074791667,2.073923611,50.00322917,18.72954861,73.74490741,0.689895833,201.4812847,0.005208333,0.005208333,34.96666667,,
28-11-2023,95.38461806,139.0289236,15.09600694,11.77326389,19.21986111,41.33114583,2.327152778,1.104201389,50.00354167,18.03465278,93.0621875,0.695972222,252.8291319,0.015625,0.015625,39.01840278,,
29-11-2023,156.4527778,299.3689931,15.0890625,11.78180556,19.21861111,41.32663194,2.499444444,2.413333333,49.99739583,18.93368056,74.13575,0.612673611,216.7192361,0,0,53.51145833,,
30-11-2023,177.8656884,277.2196739,15.20333333,23.44547101,20.99119565,49.78318841,2.394492754,2.515942029,49.7076087,19.42518116,80.24222222,0.657826087,213.9827536,0,0,55.67934783,,
01-12-2023,114.8961458,260.7610069,19.04201389,32.92878472,23.51732639,58.93145833,2.231006944,2.910868056,50.00708333,19.61590278,91.74657407,0.607986111,242.5355903,0,0,46.65381944,,
02-12-2023,173.7326042,326.1001042,65.94375,69.83864583,48.89472222,110.3521875,2.463333333,2.234756944,50.00545139,18.56944444,73.02875,0.883263889,284.4653472,0,0,48.35104167,,
03-12-2023,170.3424275,268.4482971,15.109375,11.77913194,19.21659722,41.340625,2.546701389,2.279791667,50.01770833,18.93753472,66.14134615,0.650104167,238.6614236,0.005208333,0.005208333,46.78368056,,
04-12-2023,137.0044792,248.5329167,14.97097222,13.56878472,19.39989583,42.46614583,2.044618056,1.688715278,50.00190972,19.53802083,65.416,0.766319444,255.5070139,0,0,51.65381944,,
05-12-2023,127.7141319,216.3217361,15.099375,11.77163194,19.22045139,41.34506944,2.325833333,1.848993056,50.00770833,18.15786232,71.02731481,0.954930556,262.9948264,0,0,45.11006944,,
06-12-2023,115.1450694,237.8203819,19.56920139,39.46118056,23.14534722,51.09069444,1.965659722,1.820625,50.00857639,17.48760417,79.14780303,0.678368056,252.0509722,0,0,45.26909722,,
07-12-2023,127.7475694,206.8948264,14.6978125,18.59128472,19.29694444,42.72916667,2.33634058,2.448715278,49.99180556,17.68444444,72.83708333,0.757083333,249.4927778,0,0,45.81111111,,
08-12-2023,110.0420833,219.4513542,14.57513889,41.07010417,20.51225694,50.00065972,2.499444444,2.10625,50.00680556,17.70765152,62.62016667,0.978923611,277.4688542,0,0,44.01979167,,
09-12-2023,135.0871875,250.1289236,16.65628472,42.67149306,23.88524306,52.44260417,2.5409375,2.285277778,50.00190972,18.45564815,65.23348958,0.922152778,269.4446875,0,0,43.22847222,,
10-12-2023,103.5388194,189.3016667,15.27357639,11.85576389,19.14520833,40.77513889,2.426111111,2.217256944,49.99493056,16.16427083,75.72969697,0.948541667,235.4178125,0,0,45.35555556,,
11-12-2023,181.4992708,303.2219203,15.85961806,21.51440972,17.34975694,36.24388889,2.488680556,3.226041667,49.98861111,15.87170139,60.99544444,0.7115625,260.0906597,0,0,43.81041667,,
12-12-2023,136.4273958,251.2839931,15.70979167,18.52982639,16.53652778,34.36881944,2.3015625,2.3403125,50.00305556,16.1328125,73.70958333,0.730798611,252.8156597,0,0,43.640625,,
13-12-2023,129.5189931,272.8249306,23.04670139,31.89756944,22.94364583,47.59163194,2.530243056,2.416944444,50.00451389,16.71059028,64.5685,0.804826389,256.8764583,0,0,41.45,,
14-12-2023,126.8428125,253.4527778,41.20447917,43.6390625,32.81697917,65.2428125,2.916284722,2.860520833,50.00173611,15.97402778,60.40921569,0.745173611,258.8020486,0,0,45.56076389,,
15-12-2023,152.5353125,334.5754167,22.04828125,38.5528125,13.45986111,32.65612745,2.310659722,3.370555556,50.00395833,15.52236111,67.28122222,0.721701389,250.6669444,0.03125,0.03125,44.34583333,,
16-12-2023,160.5836111,296.2399653,15.68555556,19.38017361,16.55215278,34.52170139,1.819618056,3.67125,50.01131944,15.31458333,59.55619792,0.751736111,260.5599653,0,0,42.07569444,,
17-12-2023,130.3813194,237.8084028,15.67583333,18.52993056,16.51635417,34.29131944,1.983194444,3.242361111,50.00347222,16.02239583,65.15539474,0.800138889,267.2877431,0,0,43.90069444,,
18-12-2023,121.867402,211.9366176,15.50514706,19.45558824,16.39367647,37.65014706,14.16406863,1.8525,47.39617647,15.00970588,60.2075,1.068186275,281.9101471,0.036764706,0.026041667,58.325,,
19-12-2023,114.2432222,194.3611667,13.99966667,29.60066667,15.59377778,30.878,1.925833333,1.525944444,57.05883333,17.09488889,49.99083333,1.092444444,249.9786667,0,0,48.54166667,,
20-12-2023,95.73444444,169.2530556,16.2315625,27.12565972,17.36336806,38.81135417,1.829895833,1.793194444,50.00274306,14.82774306,68.02746528,0.73625,222.8692014,0,0,47.44409722,,
21-12-2023,116.0531944,211.4529167,15.55059028,30.22100694,17.70454861,40.35128472,2.701145833,2.134166667,50.00065972,14.99559028,77.781625,0.811666667,242.7677083,0,0,38.95208333,,
22-12-2023,168.6568056,258.4619444,15.71850694,18.546875,16.20392361,34.24465278,4.483263889,2.808541667,50.00697917,15.02680556,69.58192308,0.653298611,265.6577083,0,0,45.55138889,,
23-12-2023,175.8178819,287.3900694,15.68458333,18.5196875,16.59652778,34.3484375,6.760625,3.543402778,49.99791667,16.3578125,75.78432292,0.641180556,228.7593403,0,0,44.11493056,,
24-12-2023,175.4955903,244.5600694,15.73402778,18.56548611,16.41565972,34.46027778,6.921076389,3.746388889,50.00381944,16.27211806,72.54729167,0.756180556,244.5899306,0,0,44.56006944,,
25-12-2023,126.2811806,171.8278472,15.69319444,18.53868056,16.57809028,34.19590278,6.647986111,2.341527778,50.00333333,15.57347222,79.01272727,0.8009375,236.4485417,0,0,36.64791667,,
26-12-2023,218.5011806,286.4556944,15.28409722,24.53871528,16.92166667,37.12822917,4.056493056,2.456458333,50.00152778,15.59579861,68.22704545,0.892916667,268.21625,0,0,43.44583333,,
27-12-2023,167.1831944,241.6003819,15.848125,18.574375,16.53756944,34.33465278,1.815034722,3.2625,50.01993056,12.82586806,99.6725,1.079166667,281.3335069,0,0,34.51145833,,
28-12-2023,136.4256597,221.5099653,15.1853125,24.11555556,17.10559028,37.42326389,1.45625,2.003333333,50.00854167,12.66975694,91.9425,0.990347222,286.5219444,0,0,34.19583333,,
29-12-2023,135.19125,203.9927778,15.71579861,18.56493056,16.52642361,34.17857639,1.988680556,2.079340278,50.00871528,12.46847222,,0.583194444,195.5548264,0,0,30.39375,,
30-12-2023,153.7234375,222.0467708,15.76618056,18.58399306,16.54458333,34.20107639,2.161284722,2.115763889,50.00427083,13.98836806,92.939375,0.578611111,206.6366667,0,0,39.40173611,,
31-12-2023,133.4222917,191.55,15.74034722,18.53420139,16.54333333,34.24465278,2.236527778,1.789548611,50.004375,12.76836806,99.63375,0.610416667,190.8249653,0,0,32.59444444,,
